1,Bill,Rampa,05/03/1960,Bill.Rampa@Ibo.com,234-643-2345,123-345-3467
2,Euphemia,Roma,01/04/1954,eroma1@infoseek.co.jp,171-703-8355,794-830-1483
3,Lora,Seamark,11/08/1966,lseamark2@hao123.com,160-430-9904,759-226-0369
4,Cris,Rampley,22/09/1994,crampley3@ucla.edu,446-604-0277,916-262-6781
5,North,Petegrew,31/03/1975,npetegrew4@hugedomains.com,768-349-6434,934-130-9261
6,Glynn,Peres,11/07/1967,gperes5@sakura.ne.jp,477-804-2055,616-774-4845
7,Norrie,Weond,18/05/1997,nweond6@senate.gov,178-805-3316,166-121-8475
8,Iris,Taveriner,13/02/1954,itaveriner7@huffingtonpost.com,582-555-6079,398-301-5830
9,Willem,O'Meara,11/09/1961,womeara8@msu.edu,371-354-5485,228-339-2107
10,Tuckie,Robyns,05/10/1976,trobyns9@xinhuanet.com,810-555-3783,621-448-5461
11,Isidoro,Fudge,11/08/1999,ifudgea@ox.ac.uk,330-320-7887,374-782-7610
12,Anny,Kellie,24/03/1999,akellieb@dropbox.com,989-326-7718,815-116-5104
13,Northrop,Silver,09/06/1963,nsilverc@youku.com,797-351-7741,584-907-0881
14,Brook,D'orsay,08/03/1988,bdorsayd@trellian.com,157-838-8815,829-322-9000
15,Danit,Celler,17/07/1951,dcellere@weebly.com,416-463-9194,744-361-1171
16,Welch,Tremeer,07/04/1981,wtremeerf@arizona.edu,782-667-4605,208-623-3636
17,Elaina,Gage,17/05/1969,egageg@cnn.com,116-458-2756,114-406-3964
18,Dara,Creyke,03/05/1953,dcreykeh@google.it,510-278-9036,877-817-0590
19,Rafaello,Carabine,16/02/1989,rcarabinei@yellowbook.com,302-900-0657,713-631-4201
20,Pierce,Zannuto,09/04/1960,pzannutoj@answers.com,338-591-4474,371-711-7813
21,Angelita,Barlthrop,05/09/1953,abarlthropk@irs.gov,869-723-1305,269-279-3596
22,Corrianne,Pullar,09/01/1967,cpullarl@aol.com,882-939-7621,661-257-4849
23,Mart,Villa,17/03/1960,mvillam@tinypic.com,754-993-7564,166-809-8414
24,Celie,Behr,25/04/1975,cbehrn@hostgator.com,920-162-8500,339-577-4260
25,Inna,Adame,06/02/1961,iadameo@springer.com,183-441-3772,691-441-3534
26,Krissy,Symons,19/10/1967,ksymonsp@rambler.ru,682-532-3479,578-348-4494
27,Bink,Bichard,25/01/1968,bbichardq@sourceforge.net,318-905-3121,988-894-6602
28,Benji,Alebrooke,22/12/1953,balebrooker@friendfeed.com,672-350-0256,188-651-9358
29,Rhetta,Maypes,10/10/1970,rmaypess@si.edu,568-440-9905,519-555-4835
30,Armin,Felkin,23/03/1956,afelkint@archive.org,736-730-0104,742-365-7194
31,Virginie,Pedrozzi,22/12/1986,vpedrozziu@ibm.com,385-114-6911,152-348-0188
32,Doralynn,Blankau,06/12/1965,dblankauv@cnn.com,596-193-0222,469-680-8474
33,Rinaldo,Shaplin,22/08/1990,rshaplinw@msu.edu,395-543-8710,595-538-9359
34,Valentijn,Densham,04/01/1990,vdenshamx@aol.com,775-949-9370,995-286-3236
35,Bail,Beekman,22/12/1956,bbeekmany@baidu.com,300-423-0574,629-652-0577
36,Ollie,Glover,19/03/1992,ogloverz@prweb.com,409-833-9797,945-340-6797
37,Lily,Martinez,08/08/1972,lmartinez10@twitter.com,262-464-9180,794-933-5824
38,Cheryl,Bisiker,20/08/1969,cbisiker11@buzzfeed.com,213-474-0223,781-624-3168
39,Durante,Kalinowsky,26/02/1999,dkalinowsky12@angelfire.com,702-942-3852,157-223-4618
40,Cherie,O'Duane,16/06/1961,coduane13@xinhuanet.com,400-281-7434,532-302-2852
41,Floria,McIleen,14/11/1990,fmcileen14@spotify.com,327-320-2941,788-728-7395
42,Sindee,Jarville,23/12/1982,sjarville15@abc.net.au,124-475-8303,186-208-8218
43,Shaylyn,Shutt,17/10/1997,sshutt16@mac.com,272-816-6654,501-267-8876
44,Stormie,Pioch,13/01/1964,spioch17@1688.com,604-436-5175,808-740-5492
45,Adelbert,Larmouth,23/06/1996,alarmouth18@wikia.com,102-477-6938,227-707-4985
46,Margeaux,Zannuto,19/08/1991,mzannuto19@aol.com,152-436-0417,830-723-4146
47,Gerard,Ratley,29/12/1997,gratley1a@shareasale.com,633-610-5249,799-312-9142
48,Aron,Langelaan,27/07/1952,alangelaan1b@nature.com,769-352-9216,445-365-9910
49,Yolande,Myatt,19/11/1985,ymyatt1c@nasa.gov,677-141-8238,566-658-2073
50,Hanny,Diviny,23/02/1996,hdiviny1d@sciencedirect.com,230-114-4052,598-660-4697
